Annual Subway Ridership,,,,,,,,,,,
Station (alphabetical by borough),*,Boro,2018,2019,2020,2021,2022,2023,2022-2023 Change,,2023 Rank
The Bronx,,,,,,,,,,,
"138 St-Grand Concourse (4,5)",1,Bx,944598,1035878,371408.014,656866,766610,#NAME?,18661,2.4342233991208%,#NAME?
"149 St-Grand Concourse (2,4,5)",,Bx,3972763,3931908,1815784.971,1832521,2026363,#NAME?,61416,3.03084886567708%,#NAME?
"161 St-Yankee Stadium (B,D,4)",,Bx,8392290,8254928,3221650.993,4077604,5023193,#NAME?,#NAME?,#NAME?,#NAME?
167 St (4),,Bx,2933140,2653237,1396286.968,1615072,1847368,#NAME?,#NAME?,#NAME?,#NAME?
"167 St (B,D)",2,Bx,2022919,2734530,1422149.009,1508270,1492833,#NAME?,-81689,-5.47207892644388%,#NAME?
170 St (4),,Bx,2562443,2487611,1265949.969,1278506,1499662,#NAME?,#NAME?,#NAME?,#NAME?
"170 St (B,D)",,Bx,2454974,2130461,1002094.897,1104637,1121869,#NAME?,#NAME?,#NAME?,#NAME?
"174 St (2,5)",,Bx,2056692,2057118,953564.086,1077126,1140821,#NAME?,#NAME?,#NAME?,#NAME?
"174-175 Sts (B,D)",3,Bx,1005075,1518260,788120.988,853579,859988,#NAME?,#NAME?,#NAME?,#NAME?
176 St (4),,Bx,1803691,1713696,876864.952,939585,1055833,#NAME?,#NAME?,#NAME?,#NAME?
"182-183 Sts (B,D)",,Bx,1502814,1513443,761613.041,812994,866961,#NAME?,#NAME?,#NAME?,#NAME?
183 St (4),,Bx,1831457,1779224,951634.019,1051456,1196389,#NAME?,#NAME?,#NAME?,#NAME?
"219 St (2,5)",,Bx,1026894,979390,457388.001,495442,530795,#NAME?,#NAME?,#NAME?,#NAME?
"225 St (2,5)",,Bx,1224369,1187486,549296.064,605491,621548,#NAME?,#NAME?,#NAME?,#NAME?
231 St (1),,Bx,3133231,2919305,1289691.037,1462605,1810807,#NAME?,#NAME?,#NAME?,#NAME?
"233 St (2,5)",,Bx,1496673,1445532,721494.982,796596,845998,#NAME?,#NAME?,#NAME?,#NAME?
238 St (1),4,Bx,960970,1204095,588199.079,678017,872799,#NAME?,#NAME?,#NAME?,#NAME?
3 Av-138 St (6),,Bx,2451972,2503850,1271191.926,1359371,1503905,#NAME?,#NAME?,#NAME?,#NAME?
"3 Av-149 St (2,5)",,Bx,6784053,6768255,3166766.007,3301418,3330977,#NAME?,#NAME?,#NAME?,#NAME?
"Allerton Av (2,5)",,Bx,1603702,1614464,760068.025,850231,896938,#NAME?,#NAME?,#NAME?,#NAME?
Baychester Av (5),,Bx,1006343,1094872,491292.994,485836,548542,#NAME?,#NAME?,#NAME?,#NAME?
"Bedford Park Blvd (B,D)",,Bx,1984267,2143375,968589.93,1106992,1165034,#NAME?,#NAME?,#NAME?,#NAME?
Bedford Park Blvd-Lehman College (4),,Bx,1575555,1538253,691844.989,795864,1091465,#NAME?,#NAME?,#NAME?,#NAME?
"Bronx Park East (2,5)",,Bx,752916,769303,354016.036,421588,470109,#NAME?,#NAME?,#NAME?,#NAME?
Brook Av (6),,Bx,1895570,1823468,949903.929,1026185,1117049,#NAME?,#NAME?,#NAME?,#NAME?
Buhre Av (6),,Bx,1110307,1146032,519694.04,585402,734364,#NAME?,#NAME?,#NAME?,#NAME?
"Burke Av (2,5)",,Bx,997617,1000896,480152.063,531811,552450,#NAME?,#NAME?,#NAME?,#NAME?
Burnside Av (4),,Bx,3198218,3113514,1473081.032,1614822,1824767,#NAME?,#NAME?,#NAME?,#NAME?
Castle Hill Av (6),,Bx,2000084,1954511,947431.97,1043725,1196644,#NAME?,#NAME?,#NAME?,#NAME?
Cypress Av (6),,Bx,1113667,1043922,507795.029,519868,559225,#NAME?,#NAME?,#NAME?,#NAME?
East 143 St-St Mary's St (6),,Bx,301240,313938,168284.99,196864,254297,#NAME?,#NAME?,#NAME?,#NAME?
East 149 St (6),,Bx,1508022,1467410,788234.982,828659,927728,#NAME?,#NAME?,#NAME?,#NAME?
"East 180 St (2,5)",,Bx,2249646,2211198,1142138.975,1216916,1421302,#NAME?,#NAME?,#NAME?,#NAME?
Eastchester-Dyre Av (5),,Bx,1259009,1331886,631121.999,658061,724813,#NAME?,#NAME?,#NAME?,#NAME?
Elder Av (6),,Bx,2000985,1996492,1053012.005,1148003,1297150,#NAME?,#NAME?,#NAME?,#NAME?
Fordham Rd (4),,Bx,3321215,3120976,1580225.008,1837293,2066360,#NAME?,#NAME?,#NAME?,#NAME?
"Fordham Rd (B,D)",,Bx,3596416,3671217,1713032.07,1843504,1838773,#NAME?,#NAME?,#NAME?,#NAME?
"Freeman St (2,5)",,Bx,1354453,1358821,642086.946,739184,840179,#NAME?,#NAME?,#NAME?,#NAME?
"Gun Hill Rd (2,5)",,Bx,2197147,2271942,1012373.022,1103035,1142015,#NAME?,#NAME?,#NAME?,#NAME?
Gun Hill Rd (5),5,Bx,1521987,1248513,466005.014,757669,909737,#NAME?,#NAME?,#NAME?,#NAME?
Hunts Point Av (6),,Bx,3216569,3174354,1633811.959,1729412,1992329,#NAME?,#NAME?,#NAME?,#NAME?
"Intervale Av (2,5)",,Bx,943016,964689,472957.994,547183,591075,#NAME?,#NAME?,#NAME?,#NAME?
"Jackson Av (2,5)",,Bx,1597307,1584727,740308.041,830161,951497,#NAME?,#NAME?,#NAME?,#NAME?
Kingsbridge Rd (4),,Bx,2783082,2733096,1357272.971,1494520,1800580,#NAME?,#NAME?,#NAME?,#NAME?
"Kingsbridge Rd (B,D)",,Bx,2475107,2485283,1189101.846,1195990,1200434,#NAME?,#NAME?,#NAME?,#NAME?
Longwood Av (6),6,Bx,1040934,949680,390165.138,554609,675547,#NAME?,#NAME?,#NAME?,#NAME?
Middletown Rd (6),,Bx,595044,597839,257912.041,289799,363695,#NAME?,#NAME?,#NAME?,#NAME?
Morris Park (5),,Bx,668423,711229,318988.038,373691,469688,#NAME?,#NAME?,#NAME?,#NAME?
Morrison Av-Soundview (6),,Bx,1988053,1970185,1000609.997,1095552,1236633,#NAME?,#NAME?,#NAME?,#NAME?
Mosholu Pkwy (4),,Bx,2531607,2491758,1274466.947,1423888,1647450,#NAME?,#NAME?,#NAME?,#NAME?
Mt Eden Av (4),,Bx,1652407,1551038,823442.991,904701,990090,#NAME?,#NAME?,#NAME?,#NAME?
"Nereid Av (2,5)",,Bx,1034335,1006617,470230.032,538907,588166,#NAME?,#NAME?,#NAME?,#NAME?
Norwood-205 St (D),7,Bx,2611874,2639003,1315356.014,1366801,1435139,#NAME?,#NAME?,#NAME?,#NAME?
Parkchester (6),,Bx,4836244,4734709,2205552.006,2409332,2809208,#NAME?,#NAME?,#NAME?,#NAME?
Pelham Bay Park (6),,Bx,2146552,2134403,951323.991,1011530,1123255,#NAME?,#NAME?,#NAME?,#NAME?
"Pelham Pkwy (2,5)",,Bx,2639586,2651208,1222206.033,1427443,1433009,#NAME?,#NAME?,#NAME?,#NAME?
Pelham Pkwy (5),,Bx,844884,896134,405003.968,447473,547814,#NAME?,#NAME?,#NAME?,#NAME?
"Prospect Av (2,5)",,Bx,2142697,2148059,1021781.047,1125530,1233175,#NAME?,#NAME?,#NAME?,#NAME?
"Simpson St (2,5)",,Bx,2585974,2602749,1230832.92,1385438,1427465,#NAME?,#NAME?,#NAME?,#NAME?
St. Lawrence Ave. (6),,Bx,1273609,1276865,641825.996,699851,793668,#NAME?,#NAME?,#NAME?,#NAME?
"Tremont Av (B,D)",,Bx,3246064,3052099,1433743.994,1518048,1446787,#NAME?,#NAME?,#NAME?,#NAME?
Van Cortlandt Park-242 St (1),,Bx,2333136,2189109,980835.961,1111670,1350182,#NAME?,#NAME?,#NAME?,#NAME?
Wakefield-241 St (2),,Bx,1484478,1404748,711028.969,773321,798984,#NAME?,#NAME?,#NAME?,#NAME?
"West Farms Sq-East Tremont Av (2,5)",,Bx,2094751,2104945,947252.02,1072113,1104895,#NAME?,#NAME?,#NAME?,#NAME?
Westchester Sq-East Tremont Av (6),8,Bx,1817925,1796415,835515.04,929707,1037465,#NAME?,#NAME?,#NAME?,#NAME?
Whitlock Av (6),,Bx,592103,586845,308198.011,331929,378959,#NAME?,#NAME?,#NAME?,#NAME?
Woodlawn (4),,Bx,2160859,2094285,949554.001,1112041,1164758,#NAME?,#NAME?,#NAME?,#NAME?
Zerega Av (6),,Bx,792928,795756,361498.964,401426,482341,#NAME?,22384,4.64070025148184%,#NAME?
Brooklyn,,,,,,,,,,,
"15 St-Prospect Park (F,G)",,B,1867619,1964534,681491.917,861654,1195846,#NAME?,#NAME?,#NAME?,#NAME?
18 Av (D),,B,1909554,1942617,851720.018,953937,1245222,#NAME?,#NAME?,#NAME?,#NAME?
18 Av (F),,B,1163390,1113492,503135.889,556981,668159,#NAME?,#NAME?,#NAME?,#NAME?
18 Av (N),9,B,981261,1179756,677763.974,895072,1085017,#NAME?,#NAME?,#NAME?,#NAME?
20 Av (D),,B,1534396,1578971,703956.992,780372,1032840,#NAME?,#NAME?,#NAME?,#NAME?
20 Av (N),10,B,1075077,1142086,486217.957,627481,833636,#NAME?,#NAME?,#NAME?,#NAME?
25 Av (D),,B,1571134,1507759,609449.957,671478,870160,#NAME?,#NAME?,#NAME?,#NAME?
25 St (R),,B,1149469,1153842,504579.063,632081,758500,#NAME?,#NAME?,#NAME?,#NAME?
"36 St (D,N,R)",,B,4293364,4254406,1924520.059,2410423,3189981,#NAME?,#NAME?,#NAME?,#NAME?
"4 Av (F,G)/9 St (R)",,B,3906028,3924882,1531707.955,1946762,2559111,#NAME?,#NAME?,#NAME?,#NAME?
45 St (R),,B,2251921,2461410,1081234,1357398,1610445,#NAME?,#NAME?,#NAME?,#NAME?
50 St (D),,B,965643,976988,521943.967,589552,718744,#NAME?,#NAME?,#NAME?,#NAME?
53 St (R),,B,2378056,2797730,1368019.009,1603169,1869707,#NAME?,#NAME?,#NAME?,#NAME?
55 St (D),,B,650590,637405,330042.983,363734,406691,#NAME?,#NAME?,#NAME?,#NAME?
"59 St (N,R)",,B,3998207,3664480,1631566.015,2190023,2640485,#NAME?,#NAME?,#NAME?,#NAME?
"7 Av (B,Q)",,B,3126475,3103599,1007948.059,1382641,1896094,#NAME?,#NAME?,#NAME?,#NAME?
"7 Av (F,G)",,B,3572223,3675218,1314989.083,1694473,2374719,#NAME?,#NAME?,#NAME?,#NAME?
71 St (D),,B,1746966,1722921,721710.987,788730,1016652,#NAME?,#NAME?,#NAME?,#NAME?
77 St (R),,B,1676402,1674582,700333.001,839021,1021447,#NAME?,#NAME?,#NAME?,#NAME?
79 St (D),,B,1901043,1926290,816330.077,964785,1254702,#NAME?,#NAME?,#NAME?,#NAME?
8 Av (N),,B,3700661,3801700,1424892.082,1771913,2314853,#NAME?,#NAME?,#NAME?,#NAME?
86 St. (N),11,B,609555,708542,365213.007,442826,531019,#NAME?,#NAME?,#NAME?,#NAME?
86 St. (R),,B,3470741,3434888,1538353.039,1869595,2269098,#NAME?,#NAME?,#NAME?,#NAME?
9 Av (D),,B,1667200,1708387,807970.057,926924,1201915,#NAME?,#NAME?,#NAME?,#NAME?
Alabama Av (J),,B,652030,628299,337010.998,367463,365853,#NAME?,#NAME?,#NAME?,#NAME?
Atlantic Av (L),,B,559411,469819,228515.055,273703,332637,#NAME?,#NAME?,#NAME?,#NAME?
"Atlantic Av-Barclays Ctr (B,D,N,Q,R,2,3,4,5)",,B,13807282,13939794,5474264.99,6420924,8482075,#NAME?,#NAME?,#NAME?,#NAME?
Avenue H (Q),,B,1034018,991766,395439.035,420875,603679,#NAME?,#NAME?,#NAME?,#NAME?
Avenue I (F),12,B,326005,584129,262583.064,286430,352714,#NAME?,#NAME?,#NAME?,#NAME?
Avenue J (Q),,B,1878547,1775846,799621.029,973093,1119574,#NAME?,#NAME?,#NAME?,#NAME?
Avenue M (Q),,B,1808189,1691285,763257.968,956834,1135367,#NAME?,#NAME?,#NAME?,#NAME?
Avenue N (F),13,B,612201,877383,393182.99,416424,522722,#NAME?,#NAME?,#NAME?,#NAME?
Avenue P (F),14,B,509036,739804,333835.975,361909,468588,#NAME?,#NAME?,#NAME?,#NAME?
Avenue U (F),15,B,310821,547776,248310.004,268720,334808,#NAME?,#NAME?,#NAME?,#NAME?
Avenue U (N),16,B,830278,1019104,503936.943,659430,788389,#NAME?,#NAME?,#NAME?,#NAME?
Avenue U (Q),,B,2329614,2301941,979079.968,1194190,1422746,#NAME?,#NAME?,#NAME?,#NAME?
Avenue X (F),,B,775436,758700,334714.032,345053,442124,#NAME?,#NAME?,#NAME?,#NAME?
Bay 50 St (D),,B,826074,821873,351591.024,431849,563601,#NAME?,#NAME?,#NAME?,#NAME?
Bay Pkwy (D),,B,2435949,2446673,1086572.973,1198845,1562104,#NAME?,#NAME?,#NAME?,#NAME?
Bay Pkwy (F),17,B,188225,362802,167876.932,186383,240275,#NAME?,#NAME?,#NAME?,#NAME?
Bay Pkwy (N),,B,2266916,2071452,940308.95,1204285,1481407,#NAME?,#NAME?,#NAME?,#NAME?
Bay Ridge Av (R),,B,2228497,2354120,1023374.057,1248115,1520403,#NAME?,#NAME?,#NAME?,#NAME?
Bay Ridge-95 St (R),,B,1739178,1743441,740054.954,840527,1020739,#NAME?,#NAME?,#NAME?,#NAME?
Bedford Av (L),,B,9053980,7836366,2873797.965,4989268,7255571,#NAME?,#NAME?,#NAME?,#NAME?
Bedford-Nostrand Avs (G),,B,2774993,2795387,1062723.917,1400855,1810693,#NAME?,#NAME?,#NAME?,#NAME?
"Bergen St (2,3)",,B,1140677,1208319,435520.008,525186,775145,#NAME?,#NAME?,#NAME?,#NAME?
"Bergen St (F,G)",,B,3478946,3577496,1240353.902,1602668,2285452,#NAME?,#NAME?,#NAME?,#NAME?
Beverley Rd (Q),,B,1060568,1048249,453974.011,567370,747264,#NAME?,#NAME?,#NAME?,#NAME?
"Beverly Rd (2,5)",,B,1307405,1284232,607427.003,690326,867812,#NAME?,#NAME?,#NAME?,#NAME?
"Brighton Beach (B,Q)",,B,3778194,3745994,1683782.021,1947393,2283378,#NAME?,#NAME?,#NAME?,#NAME?
Broadway (G),,B,1402102,1506905,728237.974,868771,995482,#NAME?,#NAME?,#NAME?,#NAME?
"Broadway Junction (A,C,J,L,Z)",,B,2810636,2759349,1292867.911,1317906,1445460,#NAME?,#NAME?,#NAME?,#NAME?
Bushwick Av-Aberdeen St (L),,B,671545,600188,298031.052,418114,517348,#NAME?,#NAME?,#NAME?,#NAME?
Canarsie-Rockaway Pkwy (L),,B,3598843,3302691,1306172.95,1062745,1091454,#NAME?,#NAME?,#NAME?,#NAME?
"Carroll St (F,G)",,B,3490924,3615019,1261244.911,1605517,2241074,#NAME?,#NAME?,#NAME?,#NAME?
Central Av (M),18,B,725022,1472067,591080.969,613375,797703,#NAME?,#NAME?,#NAME?,#NAME?
"Chauncey St (J,Z)",,B,1063828,1076510,479409.037,526390,569841,#NAME?,#NAME?,#NAME?,#NAME?
"Church Av (2,5)",,B,2818535,2862033,1335645.018,1537560,1844979,#NAME?,#NAME?,#NAME?,#NAME?
"Church Av (B,Q)",,B,5161293,5061013,2181584.949,2569628,3024750,#NAME?,#NAME?,#NAME?,#NAME?
"Church Av (F,G)",19,B,3099383,3051736,1368062.985,1579762,1917284,#NAME?,#NAME?,#NAME?,#NAME?
"Clark St (2,3)",,B,1550414,1781419,589681.942,667841,845791,#NAME?,#NAME?,#NAME?,#NAME?
Classon Av (G),,B,1649340,1722852,667262.027,895280,1201492,#NAME?,#NAME?,#NAME?,#NAME?
Cleveland St (J),,B,901928,880879,436010.977,451537,459057,#NAME?,#NAME?,#NAME?,#NAME?
Clinton-Washington Avs (C),,B,2178439,2144338,724725.978,916121,1328169,#NAME?,#NAME?,#NAME?,#NAME?
Clinton-Washington Avs (G),,B,1534802,1609332,574938.992,787190,1083797,#NAME?,#NAME?,#NAME?,#NAME?
"Coney Island-Stillwell Av (D,F,N,Q)",,B,4615664,4579191,1838369.011,2288692,2879052,#NAME?,#NAME?,#NAME?,#NAME?
Cortelyou Rd (Q),,B,1994734,1957538,835379.928,1023916,1232328,#NAME?,#NAME?,#NAME?,#NAME?
"Court St (R)/Borough Hall (2,3,4,5)",,B,10364534,10135722,3356705.896,3728044,5334384,#NAME?,#NAME?,#NAME?,#NAME?
"Crescent St (J,Z)",,B,1467166,1391945,677801.02,739465,767792,#NAME?,#NAME?,#NAME?,#NAME?
"Crown Heights-Utica Av (3,4)",,B,7920192,7933008,3654953.043,3936420,4584880,#NAME?,#NAME?,#NAME?,#NAME?
Cypress Hills (J),,B,411331,420647,222324.996,247051,263283,#NAME?,#NAME?,#NAME?,#NAME?
"DeKalb Av (B,Q,R)",,B,6776248,6708640,2419409.979,2878314,3915266,#NAME?,#NAME?,#NAME?,#NAME?
DeKalb Av (L),,B,4000252,3290894,1541784.019,2155743,2485248,#NAME?,#NAME?,#NAME?,#NAME?
Ditmas Av (F),,B,1149528,1177275,538215.107,612635,768067,#NAME?,#NAME?,#NAME?,#NAME?
East 105 St (L),,B,1139556,1001343,477302.02,479124,541924,#NAME?,#NAME?,#NAME?,#NAME?
"Eastern Pkwy-Brooklyn Museum (2,3)",,B,1544013,1338351,441687.959,681607,920056,#NAME?,#NAME?,#NAME?,#NAME?
"Euclid Av (A,C)",,B,3174827,3240578,1537226.001,1547409,1740093,#NAME?,#NAME?,#NAME?,#NAME?
"Flatbush Av-Brooklyn College (2,5)",,B,5822873,5684108,2404776.004,2587148,3270806,#NAME?,#NAME?,#NAME?,#NAME?
Flushing Av (G),,B,874498,732897,402100.004,558413,624004,#NAME?,#NAME?,#NAME?,#NAME?
"Flushing Av (J,M)",,B,2537390,2773154,1256788.033,1372156,1480637,#NAME?,#NAME?,#NAME?,#NAME?
Fort Hamilton Pkwy (D),,B,1191580,1207971,614581.06,731471,868470,#NAME?,#NAME?,#NAME?,#NAME?
"Fort Hamilton Pkwy (F,G)",,B,1765887,1800167,633054.99,817620,1155293,#NAME?,#NAME?,#NAME?,#NAME?
Fort Hamilton Pkwy (N),20,B,969878,1372278,780315.934,996284,1344329,#NAME?,#NAME?,#NAME?,#NAME?
"Franklin Av (2,3,4,5)/Botanic Garden (S)",,B,4604219,4999385,1849089.91,2137307,2870917,#NAME?,#NAME?,#NAME?,#NAME?
"Franklin Av (C,S)",,B,2051171,1977940,781551.915,874945,1085731,#NAME?,#NAME?,#NAME?,#NAME?
Fulton St (G),,B,1745439,1768601,743347.029,973973,1322495,#NAME?,#NAME?,#NAME?,#NAME?
"Gates Av (J,Z)",,B,2234908,2249791,957605.989,1125621,1313293,#NAME?,#NAME?,#NAME?,#NAME?
Graham Av (L),,B,3093428,2709511,1039834.021,1492809,1940867,#NAME?,#NAME?,#NAME?,#NAME?
"Grand Army Plaza (2,3)",,B,2228173,2295401,813305.032,984813,1390871,#NAME?,#NAME?,#NAME?,#NAME?
Grand St (L),,B,2126443,1847219,809406.002,1122527,1408122,#NAME?,#NAME?,#NAME?,#NAME?
Grant Av (A),,B,1842974,1749932,802190.037,853610,1028850,#NAME?,#NAME?,#NAME?,#NAME?
Greenpoint Av (G),,B,2859047,3089912,1296681.034,1704159,2092568,#NAME?,#NAME?,#NAME?,#NAME?
Halsey St (J),,B,2059030,2120521,871011.995,950058,1099779,#NAME?,#NAME?,#NAME?,#NAME?
Halsey St (L),,B,2625255,2176141,1005044.97,1327970,1582831,#NAME?,#NAME?,#NAME?,#NAME?
"Hewes St (J,M)",,B,893262,1117566,468382.033,516269,564558,#NAME?,#NAME?,#NAME?,#NAME?
"High St (A,C)",,B,3463611,3536860,1043554.03,1397257,2166149,#NAME?,#NAME?,#NAME?,#NAME?
"Hoyt St (2,3)",,B,1982208,2293256,898642.915,1084836,1397715,#NAME?,#NAME?,#NAME?,#NAME?
"Hoyt-Schermerhorn Sts (A,C,G)",,B,3370038,3605153,1426670.982,1744024,2308619,#NAME?,#NAME?,#NAME?,#NAME?
"Jay St-MetroTech (A,C,F,R)",,B,12504027,12238047,4048254.793,4473920,6436276,#NAME?,#NAME?,#NAME?,#NAME?
Jefferson St (L),,B,2515861,2237997,912845.005,1347227,1766118,#NAME?,#NAME?,#NAME?,#NAME?
Junius St (3),,B,620548,676092,346435.928,364344,446604,#NAME?,#NAME?,#NAME?,#NAME?
"Kings Hwy (B,Q)",,B,5895421,5938819,2588490.978,3187538,3871890,#NAME?,#NAME?,#NAME?,#NAME?
Kings Hwy (F),,B,1356085,1129071,488475.032,510956,637058,#NAME?,#NAME?,#NAME?,#NAME?
Kings Hwy (N),21,B,1032541,1371311,691831.987,897516,1120133,#NAME?,#NAME?,#NAME?,#NAME?
Kingston Av (3),,B,1443692,1472802,620879.969,745263,914558,#NAME?,#NAME?,#NAME?,#NAME?
Kingston-Throop Avs (C),,B,2099891,2055094,791030.008,936706,1265471,#NAME?,#NAME?,#NAME?,#NAME?
Knickerbocker Av (M),22,B,772085,1544093,659854.971,675807,815237,#NAME?,#NAME?,#NAME?,#NAME?
Kosciuszko St (J),,B,1908610,1779062,731319.963,882810,1056675,#NAME?,#NAME?,#NAME?,#NAME?
Lafayette Av (C),,B,1631673,1599887,619691.049,791660,1085680,#NAME?,#NAME?,#NAME?,#NAME?
Liberty Av (C),,B,839241,833633,381651.955,400476,465654,#NAME?,#NAME?,#NAME?,#NAME?
Livonia Av (L),,B,994378,856615,446529.978,394344,529679,#NAME?,#NAME?,#NAME?,#NAME?
"Lorimer St (J,M)",,B,1495068,1747990,716034.97,742682,820290,#NAME?,#NAME?,#NAME?,#NAME?
Lorimer St (L)/Metropolitan Av (G),,B,4821359,4696924,1780896.054,2463789,3409157,#NAME?,#NAME?,#NAME?,#NAME?
"Marcy Av (J,M,Z)",,B,4171666,4717791,1816257.974,2028980,2540327,#NAME?,#NAME?,#NAME?,#NAME?
Montrose Av (L),,B,2239760,1933886,828023.025,1221841,1520566,#NAME?,#NAME?,#NAME?,#NAME?
Morgan Av (L),,B,2465927,2100475,866006.993,1234325,1569277,#NAME?,#NAME?,#NAME?,#NAME?
"Myrtle Av (J,M,Z)",,B,3789470,3854024,1563366.016,1734324,2135172,#NAME?,#NAME?,#NAME?,#NAME?
Myrtle-Willoughby Avs (G),,B,1768122,1820637,789214.014,957769,1190174,#NAME?,#NAME?,#NAME?,#NAME?
"Myrtle-Wyckoff Avs (L,M)",,B,6893183,5927332,2704645.04,3318793,4276355,#NAME?,#NAME?,#NAME?,#NAME?
Nassau Av (G),,B,2880235,3136229,1186205.958,1522386,1942189,#NAME?,#NAME?,#NAME?,#NAME?
Neck Rd (Q),,B,1366989,1362524,573447.985,655522,826571,#NAME?,#NAME?,#NAME?,#NAME?
Neptune Av (F),,B,433083,428163,185099.075,211247,288867,#NAME?,#NAME?,#NAME?,#NAME?
"Nevins St (2,3,4,5)",,B,3215723,3150597,1189272.847,1309465,1760370,#NAME?,#NAME?,#NAME?,#NAME?
New Lots Av (3),,B,1644379,1643487,800943.102,821266,934273,#NAME?,#NAME?,#NAME?,#NAME?
New Lots Av (L),,B,1499170,1254351,606924.959,655706,709206,#NAME?,#NAME?,#NAME?,#NAME?
New Utrecht Av (N)/62 St (D),23,B,1503742,1501183,718495.846,898154,1076361,#NAME?,#NAME?,#NAME?,#NAME?
"Newkirk Av (2,5)",,B,2221270,2131839,1021788.963,1142138,1358530,#NAME?,#NAME?,#NAME?,#NAME?
"Newkirk Plaza (B,Q)",,B,3258207,3252504,1356510.035,1689443,2021403,#NAME?,#NAME?,#NAME?,#NAME?
"Norwood Av (J,Z)",,B,966728,948571,454456.953,472565,500597,#NAME?,#NAME?,#NAME?,#NAME?
Nostrand Av (3),,B,1250715,1370372,512753.018,603014,745179,#NAME?,#NAME?,#NAME?,#NAME?
"Nostrand Av (A,C)",,B,5609408,5608232,2150476.062,2617531,3346986,#NAME?,#NAME?,#NAME?,#NAME?
Ocean Pkwy (Q),,B,1018695,1033340,462997.971,548606,665586,#NAME?,#NAME?,#NAME?,#NAME?
Park Pl (S),,B,537340,519984,214949.97,259323,326818,#NAME?,#NAME?,#NAME?,#NAME?
Parkside Av (Q),,B,1979647,1955051,861895.946,1070163,1256444,#NAME?,#NAME?,#NAME?,#NAME?
Pennsylvania Av (3),,B,1279685,1360708,662595.987,719312,792673,#NAME?,#NAME?,#NAME?,#NAME?
"President St (2,5)",,B,1197019,1037219,443228.921,559407,692595,#NAME?,#NAME?,#NAME?,#NAME?
Prospect Av (R),,B,1638002,1780893,676624.034,885878,1175311,#NAME?,#NAME?,#NAME?,#NAME?
"Prospect Park (B,Q,S)",,B,3289464,3323334,1261500.983,1604509,2077169,#NAME?,#NAME?,#NAME?,#NAME?
Ralph Av (C),,B,1850375,1829126,818101.033,878860,1010247,#NAME?,#NAME?,#NAME?,#NAME?
Rockaway Av (3),,B,1412271,1451431,722986.017,764655,812348,#NAME?,#NAME?,#NAME?,#NAME?
Rockaway Av (C),,B,1790683,1787343,781384.978,837692,988760,#NAME?,#NAME?,#NAME?,#NAME?
Saratoga Av (3),,B,1535733,1556357,786159.98,841082,920284,#NAME?,#NAME?,#NAME?,#NAME?
"Sheepshead Bay (B,Q)",,B,4183545,4169796,1772097.909,2052229,2519233,#NAME?,#NAME?,#NAME?,#NAME?
Shepherd Av (C),,B,990387,977012,449143.933,472122,542269,#NAME?,#NAME?,#NAME?,#NAME?
"Smith-9 Sts (F,G)",,B,1466151,1435824,609725.02,698444,881979,#NAME?,#NAME?,#NAME?,#NAME?
"Sterling St. (2,5)",,B,1753125,1654809,745894.936,911058,1128133,#NAME?,#NAME?,#NAME?,#NAME?
Sutter Av (L),,B,1246958,1047762,483645.029,512751,504518,#NAME?,#NAME?,#NAME?,#NAME?
Sutter Av-Rutland Rd (3),,B,1968448,2019485,995590.049,1056784,1184067,#NAME?,#NAME?,#NAME?,#NAME?
Union St (R),,B,2090848,2271983,808041.98,1093965,1457176,#NAME?,#NAME?,#NAME?,#NAME?
"Utica Av (A,C)",,B,5195786,5106247,2085483.051,2249322,2671676,#NAME?,#NAME?,#NAME?,#NAME?
Van Siclen Av (3),,B,854150,853106,413650.005,413686,473728,#NAME?,#NAME?,#NAME?,#NAME?
Van Siclen Av (C),,B,955230,918811,437289.996,442084,501085,#NAME?,#NAME?,#NAME?,#NAME?
"Van Siclen Av (J,Z)",,B,818735,791691,416713.002,459448,504052,#NAME?,#NAME?,#NAME?,#NAME?
"West 8 St-New York Aquarium (F,Q)",,B,818685,837836,315691.085,431449,583500,#NAME?,#NAME?,#NAME?,#NAME?
Wilson Av (L),,B,1420065,1290221,587630.011,761687,923267,#NAME?,#NAME?,#NAME?,#NAME?
"Winthrop St (2,5)",,B,2140028,1882065,974252.979,1203929,1499531,#NAME?,#NAME?,#NAME?,#NAME?
York St (F),,B,3256154,3927129,1257102.977,1561021,2551202,#NAME?,#NAME?,#NAME?,#NAME?
Manhattan,,,,,,,,,,,
1 Av (L),,M,6743140,5345371,2177283.989,3960124,5337253,#NAME?,#NAME?,#NAME?,#NAME?
103 St (1),,M,4072703,3766055,1470253.934,1880611,2574644,#NAME?,#NAME?,#NAME?,#NAME?
103 St (6),,M,4065523,4039570,1851274.971,2112042,2489375,#NAME?,#NAME?,#NAME?,#NAME?
"103 St (B,C)",,M,1630405,1498363,579190.998,718579,922327,#NAME?,#NAME?,#NAME?,#NAME?
110 St (6),,M,3394176,3316061,1468769.894,1722459,2050861,#NAME?,#NAME?,#NAME?,#NAME?
"116 St (2,3)",,M,3446526,3345661,1375593.036,1612653,1914872,#NAME?,#NAME?,#NAME?,#NAME?
116 St (6),,M,4683148,4572453,2052608.937,2341695,2794564,#NAME?,#NAME?,#NAME?,#NAME?
"116 St (B,C)",,M,2262578,2288111,896441.943,1067970,1358486,#NAME?,#NAME?,#NAME?,#NAME?
116 St-Columbia University (1),,M,4528136,4380469,1316284.065,1822117,2897994,#NAME?,#NAME?,#NAME?,#NAME?
125 St (1),,M,2457157,2368025,967478.011,1203374,1761867,#NAME?,#NAME?,#NAME?,#NAME?
"125 St (2,3)",,M,4727671,4644262,1848802.934,2121918,2521152,#NAME?,#NAME?,#NAME?,#NAME?
"125 St (4,5,6)",,M,8630430,8554857,3587672.962,3772990,4475736,#NAME?,#NAME?,#NAME?,#NAME?
"125 St (A,B,C,D)",,M,9037343,9208598,3863202.975,4353615,5182313,#NAME?,#NAME?,#NAME?,#NAME?
"135 St (2,3)",,M,4506259,4268823,1867401.993,2048382,2262461,#NAME?,#NAME?,#NAME?,#NAME?
"135 St (B,C)",,M,1622552,1743921,667494.99,753875,1019037,#NAME?,#NAME?,#NAME?,#NAME?
137 St-City College (1),,M,4260166,3874783,1717439.95,1941779,2533342,#NAME?,#NAME?,#NAME?,#NAME?
"14 St (A,C,E)/8 Av (L)",,M,14324670,14239275,4463226.921,6144808,9193520,#NAME?,#NAME?,#NAME?,#NAME?
"14 St (F,M,1,2,3)/6 Av (L)",,M,15002214,14736035,5057029.071,6306914,8792335,#NAME?,#NAME?,#NAME?,#NAME?
"14 St-Union Sq (L,N,Q,R,W,4,5,6)",,M,33124407,32385260,10830711.997,13165975,17809631,#NAME?,#NAME?,#NAME?,#NAME?
145 St (1),,M,3062446,2936613,1264852.036,1559488,2036875,#NAME?,#NAME?,#NAME?,#NAME?
145 St (3),24,M,635413,954825,438387.931,506217,574054,#NAME?,#NAME?,#NAME?,#NAME?
"145 St (A,B,C,D)",,M,7434662,7464653,3111333.986,3468964,4225726,#NAME?,#NAME?,#NAME?,#NAME?
"155 St (B,D)",,M,1115948,1123868,546624.975,581704,630547,#NAME?,#NAME?,#NAME?,#NAME?
155 St (C),,M,1001262,895036,367255.066,415142,490246,#NAME?,#NAME?,#NAME?,#NAME?
157 St (1),,M,3514522,3739786,1414355.949,1715878,2220795,#NAME?,#NAME?,#NAME?,#NAME?
163 St-Amsterdam Av (C),25,M,548092,1390312,617595.94,679641,783629,#NAME?,#NAME?,#NAME?,#NAME?
"168 St (A,C,1)",26,M,8150537,6156288,3265732.964,4029229,4657808,#NAME?,#NAME?,#NAME?,#NAME?
175 St (A),,M,3879652,4182625,1665945.923,1995451,2135272,#NAME?,#NAME?,#NAME?,#NAME?
18 St (1),,M,2683235,2649616,803923.912,961311,1497039,#NAME?,#NAME?,#NAME?,#NAME?
181 St (1),27,M,3605435,3523536,1682771.989,115142,1952205,#NAME?,#NAME?,#NAME?,#NAME?
181 St (A),,M,3368097,3404841,1364548.03,2009705,1874762,#NAME?,#NAME?,#NAME?,#NAME?
190 St (A),,M,1423142,1535450,562043.017,476475,776585,#NAME?,#NAME?,#NAME?,#NAME?
191 St (1),28,M,2526932,2333160,453577.037,1439161,1534115,#NAME?,#NAME?,#NAME?,#NAME?
2 Av (F),,M,5034358,5583944,1846978.022,2557592,3571480,#NAME?,#NAME?,#NAME?,#NAME?
207 St (1),,M,2020214,1853146,892066.989,998062,1307026,#NAME?,#NAME?,#NAME?,#NAME?
215 St (1),,M,553050,527505,212401.936,274527,403240,#NAME?,#NAME?,#NAME?,#NAME?
23 St (1),,M,4853909,4627755,1566362.965,1843351,2741773,#NAME?,#NAME?,#NAME?,#NAME?
23 St (6),,M,9035498,8659806,2677995.964,2985473,4766220,#NAME?,#NAME?,#NAME?,#NAME?
"23 St (C,E)",,M,7420152,7272610,2341258.97,2932938,3897436,#NAME?,#NAME?,#NAME?,#NAME?
"23 St (F,M)",29,M,5099809,8619473,3100291.002,3240722,4752694,#NAME?,#NAME?,#NAME?,#NAME?
"23 St (R,W)",,M,8155834,7085694,2020697.947,2468679,3645349,#NAME?,#NAME?,#NAME?,#NAME?
28 St (1),,M,4444072,4493352,1367598.112,1582275,2584967,#NAME?,#NAME?,#NAME?,#NAME?
28 St (6),30,M,3525030,5834989,2230478.107,2553865,3626532,#NAME?,#NAME?,#NAME?,#NAME?
"28 St (R,W)",,M,4445982,4018310,1197468.035,1435457,2142492,#NAME?,#NAME?,#NAME?,#NAME?
3 Av (L),,M,2204834,1700456,742240.978,1119803,1448575,#NAME?,#NAME?,#NAME?,#NAME?
33 St (6),,M,9530273,8934900,3078482.092,3655767,4851074,#NAME?,#NAME?,#NAME?,#NAME?
"34 St-Herald Sq (B,D,F,M,N,Q,R,W)",,M,39111312,39385436,12826841.121,15037793,20972120,#NAME?,#NAME?,#NAME?,#NAME?
34 St-Hudson Yards (7),,M,3189867,6108384,2092768.967,2811015,4376335,#NAME?,#NAME?,#NAME?,#NAME?
"34 St-Penn Station (1,2,3)",,M,25968950,25967676,8103808.967,8935671,13340397,#NAME?,#NAME?,#NAME?,#NAME?
"34 St-Penn Station (A,C,E)",,M,24857456,25631364,8010472.059,9855288,14328387,#NAME?,#NAME?,#NAME?,#NAME?
"47-50 Sts-Rockefeller Center (B,D,F,M)",,M,17289384,18604810,5826099.987,6110395,9781251,#NAME?,#NAME?,#NAME?,#NAME?
"49 St (N,R,W)",,M,8394862,7410041,1985473.986,2653104,4692505,#NAME?,#NAME?,#NAME?,#NAME?
"5 Av-53 St (E,M)",,M,7748504,7684091,2076870.906,2328956,3716861,#NAME?,#NAME?,#NAME?,#NAME?
"5 Av-59 St (N,R,W)",,M,5136918,4995128,1672584.013,2137582,3026367,#NAME?,#NAME?,#NAME?,#NAME?
50 St (1),,M,8088925,8134360,2213136.88,2481176,4946989,#NAME?,#NAME?,#NAME?,#NAME?
"50 St (C,E)",,M,6441984,6902595,2002812.996,2714329,4126925,#NAME?,#NAME?,#NAME?,#NAME?
57 St (F),31,M,2254820,4550216,1491038.991,1775855,2992231,#NAME?,#NAME?,#NAME?,#NAME?
"57 St-7 Av (N,Q,R,W)",,M,11978164,11012550,3474823.99,4099554,6429389,#NAME?,#NAME?,#NAME?,#NAME?
"59 St-Columbus Circle (A,B,C,D,1)",,M,22991014,23040650,7618925.056,9310678,13777313,#NAME?,#NAME?,#NAME?,#NAME?
66 St-Lincoln Center (1),,M,7196026,7068256,2141714.071,2479656,4015455,#NAME?,#NAME?,#NAME?,#NAME?
68 St-Hunter College (6),,M,6537270,6699711,2511234.978,2987056,4278409,#NAME?,#NAME?,#NAME?,#NAME?
"7 Av (B,D,E)",,M,5299531,5508778,1545233.958,1757665,3100698,#NAME?,#NAME?,#NAME?,#NAME?
"72 St (1,2,3)",,M,12879887,12379560,4498640.969,5718388,7791430,#NAME?,#NAME?,#NAME?,#NAME?
"72 St (B,C)",32,M,1382963,2837041,935069.925,1369718,1904998,#NAME?,#NAME?,#NAME?,#NAME?
72 St (Q),,M,9068131,9528891,3752228,4786684,5884370,#NAME?,#NAME?,#NAME?,#NAME?
77 St (6),,M,7653602,7821286,3190550.101,4117467,5359989,#NAME?,#NAME?,#NAME?,#NAME?
79 St (1),,M,4990840,4745863,1678293.058,2273868,3182626,#NAME?,#NAME?,#NAME?,#NAME?
"8 St-New York University (R,W)",,M,5686332,5434212,1549451.085,2116673,3260289,#NAME?,#NAME?,#NAME?,#NAME?
"81 St-Museum of Natural History (B,C)",,M,4748083,4407607,1275972.915,1888156,2819094,#NAME?,#NAME?,#NAME?,#NAME?
86 St. (1),,M,6139911,5659795,2076861.911,2712070,3672777,#NAME?,#NAME?,#NAME?,#NAME?
"86 St. (4,5,6)",,M,13486510,13537308,5155495.975,6576295,8783809,#NAME?,#NAME?,#NAME?,#NAME?
"86 St. (B,C)",,M,1734366,3232637,1188683.994,1548082,2073430,#NAME?,#NAME?,#NAME?,#NAME?
86 St (Q),,M,8075480,8378778,2913038.01,3589258,4881132,#NAME?,#NAME?,#NAME?,#NAME?
"96 St (1,2,3)",,M,11702401,11628887,4293385.946,5381939,7059602,#NAME?,#NAME?,#NAME?,#NAME?
96 St (6),,M,5151742,5145222,2219217.035,2656566,3392056,#NAME?,#NAME?,#NAME?,#NAME?
"96 St (B,C)",,M,2836643,3038864,1194638.083,1478303,1831940,#NAME?,#NAME?,#NAME?,#NAME?
96 St (Q),,M,6014304,6154837,2353959.06,2771138,3535278,#NAME?,#NAME?,#NAME?,#NAME?
Astor Place (6),,M,5111358,5502925,1684189.054,2127381,3222161,#NAME?,#NAME?,#NAME?,#NAME?
"Bowery (J,Z)",,M,1275541,1325244,454325.999,572281,748064,#NAME?,#NAME?,#NAME?,#NAME?
"Bowling Green (4,5)",,M,8251885,8362034,2503221.961,2632772,4011235,#NAME?,#NAME?,#NAME?,#NAME?
"Broad St (J,Z)",,M,1967616,2172223,698479.972,746314,1032292,#NAME?,#NAME?,#NAME?,#NAME?
"Broadway-Lafayette St (B,D,F,M)/Bleecker St (6)",,M,11414999,12455155,4062644.914,5274947,7806844,#NAME?,#NAME?,#NAME?,#NAME?
"Brooklyn Bridge-City Hall (4,5,6)/Chambers St (J,Z)",,M,9060206,9065146,2710022.957,3147136,5050750,#NAME?,#NAME?,#NAME?,#NAME?
Canal St (1),,M,1884371,1984827,560301.956,633250,988102,#NAME?,#NAME?,#NAME?,#NAME?
"Canal St (A,C,E)",,M,6160037,6403172,1965244.986,2243849,3247717,#NAME?,#NAME?,#NAME?,#NAME?
"Canal St (J,N,Q,R,W,Z,6)",,M,15995877,15861864,4881373.031,6297364,8680004,#NAME?,#NAME?,#NAME?,#NAME?
Cathedral Pkwy-110 St (1),,M,4013259,3703893,1433585.933,1917734,2616906,#NAME?,#NAME?,#NAME?,#NAME?
"Cathedral Pkwy-110 St (B,C)",34,M,1168203,2396624,934145.042,1205170,1524260,#NAME?,#NAME?,#NAME?,#NAME?
"Central Park North-110 St (2,3)",,M,2823756,2666985,1060348.026,1222250,1475096,#NAME?,#NAME?,#NAME?,#NAME?
"Chambers St (1,2,3)",,M,6108641,5941546,1781685.047,1957661,3259105,#NAME?,#NAME?,#NAME?,#NAME?
"Chambers St (A,C)/WTC (E)/Park Place (2,3)/Cortlandt (R,W)",,M,21636146,20820549,5930847.04,6413162,10218699,#NAME?,#NAME?,#NAME?,#NAME?
Christopher St-Sheridan Sq (1),,M,3312074,3412332,1067634.98,1597437,2434305,#NAME?,#NAME?,#NAME?,#NAME?
"City Hall (R,W)",,M,1920070,1710380,536758,616119,944529,#NAME?,#NAME?,#NAME?,#NAME?
"Delancey St (F)/Essex St (J,M,Z)",,M,7922586,8861296,3388713.982,4415980,5961548,#NAME?,#NAME?,#NAME?,#NAME?
Dyckman St (1),,M,2263932,2079656,1055222.031,1154408,1467267,#NAME?,#NAME?,#NAME?,#NAME?
Dyckman St (A),,M,2037425,2238372,953250.024,1095910,1214785,#NAME?,#NAME?,#NAME?,#NAME?
East Broadway (F),,M,4216327,4460330,1622511.975,2013700,2825001,#NAME?,#NAME?,#NAME?,#NAME?
Franklin St (1),,M,1757424,1567005,501135.969,613327,1090840,#NAME?,#NAME?,#NAME?,#NAME?
"Fulton St (A,C,J,Z,2,3,4,5)",,M,27719115,27715365,8855302.069,9728874,14963870,#NAME?,#NAME?,#NAME?,#NAME?
"Grand Central-42 St (S,4,5,6,7)",,M,45207849,45745700,13162825.964,14002142,22937475,#NAME?,#NAME?,#NAME?,#NAME?
"Grand St (B,D)",,M,7187070,8024364,2908016.974,3676433,4922207,#NAME?,#NAME?,#NAME?,#NAME?
Harlem-148 St (3),,M,1232448,1120454,473936.98,532571,610285,#NAME?,#NAME?,#NAME?,#NAME?
Houston St (1),,M,4488886,4496793,1378639.984,1509148,2374723,#NAME?,#NAME?,#NAME?,#NAME?
Inwood-207 St (A),,M,2796626,3150731,1260062.087,1396591,1484846,#NAME?,#NAME?,#NAME?,#NAME?
"Lexington Av (N,Q,R)/59 St (4,5,6)",,M,16955204,16760813,6273480.005,7397107,9894012,#NAME?,#NAME?,#NAME?,#NAME?
"Lexington Av-53 St (E,M)/51 St (6)",,M,18585755,18957465,5718724.978,6226900,9748849,#NAME?,#NAME?,#NAME?,#NAME?
"Lexington Av-63 St (F,Q)",,M,6506078,6567634,2441526.975,3129478,4070117,#NAME?,#NAME?,#NAME?,#NAME?
Marble Hill-225 St (1),,M,1686237,1561844,754010.048,828832,1025805,#NAME?,#NAME?,#NAME?,#NAME?
"Prince St (R,W)",,M,5142727,4342692,1218279.004,1864902,2673575,#NAME?,#NAME?,#NAME?,#NAME?
Rector St (1),,M,2764454,2554523,708205.892,887375,1406133,#NAME?,#NAME?,#NAME?,#NAME?
"Rector St (R,W)",,M,2154295,2014996,594425.972,674273,952233,#NAME?,#NAME?,#NAME?,#NAME?
Roosevelt Island (F),,M,2269432,2380764,893252.993,1230617,1781913,#NAME?,#NAME?,#NAME?,#NAME?
"South Ferry (1)/Whitehall St (R,W)",,M,10275268,10272682,3065053.04,3600135,5151250,#NAME?,#NAME?,#NAME?,#NAME?
Spring St (6),,M,3654673,3754272,1123745.005,1682203,2557718,#NAME?,#NAME?,#NAME?,#NAME?
"Spring St (C,E)",,M,3853792,4423135,1377862.998,1762208,2509293,#NAME?,#NAME?,#NAME?,#NAME?
"Times Sq-42 St (N,Q,R,S,W,1,2,3,7)/42 St (A,C,E)/Bryant Pk (B,D,F,M)/5 Av (7)",,M,81116784,82233996,25746633.607,29507558,45023339,#NAME?,#NAME?,#NAME?,#NAME?
"Wall St (2,3)",,M,6452733,6910581,2029160.942,1991358,3065803,#NAME?,#NAME?,#NAME?,#NAME?
"Wall St (4,5)",,M,5646207,5720475,1710382.838,1794655,2729596,#NAME?,#NAME?,#NAME?,#NAME?
"West 4 St-Washington Sq (A,B,C,D,E,F,M)",,M,13446383,14063633,4503428.98,5833859,8145412,#NAME?,#NAME?,#NAME?,#NAME?
WTC Cortlandt (1),35,M,1245455,4232521,1138814.926,1280003,2437993,#NAME?,#NAME?,#NAME?,#NAME?
Queens,,,,,,,,,,,
103 St-Corona Plaza (7),,Q,6319564,6399657,3311294,4069292,4758594,#NAME?,1701865,35.7640302997062%,#NAME?
104 St (A),,Q,548871,536924,243155.951,274883,345525,#NAME?,17911,5.18370595470661%,#NAME?
"104 St (J,Z)",36,Q,456765,774888,365060.081,439642,494615,#NAME?,#NAME?,#NAME?,#NAME?
111 St (7),37,Q,3608389,3836999,2119769.971,2399049,2774756,#NAME?,#NAME?,#NAME?,#NAME?
111 St (A),,Q,762641,760163,339065.953,368997,450084,#NAME?,#NAME?,#NAME?,#NAME?
111 St (J),38,Q,801639,350344,302101.077,378100,414879,#NAME?,#NAME?,#NAME?,#NAME?
"121 St (J,Z)",39,Q,391696,675500,315014.99,384709,446750,#NAME?,#NAME?,#NAME?,#NAME?
169 St (F),,Q,2497336,2465120,1061563.918,1241861,1523722,#NAME?,#NAME?,#NAME?,#NAME?
21 St (G),,Q,550464,535536,228383.02,313868,373697,#NAME?,#NAME?,#NAME?,#NAME?
21 St-Queensbridge (F),40,Q,3340366,3516992,1355845.037,1531006,2230639,#NAME?,#NAME?,#NAME?,#NAME?
"30 Av (N,W)",41,Q,2373721,5230182,1767178.967,2033898,2633548,#NAME?,#NAME?,#NAME?,#NAME?
33 St-Rawson St (7),,Q,3031465,2907388,956399.938,1032172,1581947,#NAME?,#NAME?,#NAME?,#NAME?
"36 Av (N,W)",42,Q,1446827,1933812,845826.972,980573,1288740,#NAME?,#NAME?,#NAME?,#NAME?
"36 St (M,R)",,Q,1513330,1383420,470765.964,519938,728776,#NAME?,#NAME?,#NAME?,#NAME?
"39 Av (N,W)",,Q,665750,761816,382606.96,425965,617339,#NAME?,#NAME?,#NAME?,#NAME?
40 St-Lowery St (7),,Q,3048104,3074342,1236614.004,1539302,2013903,#NAME?,#NAME?,#NAME?,#NAME?
"46 St (M,R)",,Q,2711011,2609445,1052113.983,1250697,1591672,#NAME?,#NAME?,#NAME?,#NAME?
46 St-Bliss St (7),,Q,4058815,4019044,1769577.882,2169169,2687856,#NAME?,#NAME?,#NAME?,#NAME?
52 St (7),,Q,1883246,1907368,847429.979,1061804,1317534,#NAME?,#NAME?,#NAME?,#NAME?
"63 Dr-Rego Park (M,R)",,Q,4769745,4753706,1954646.961,2319942,2798730,#NAME?,#NAME?,#NAME?,#NAME?
"65 St (M,R)",,Q,1129031,1098148,465309.007,567622,678095,#NAME?,#NAME?,#NAME?,#NAME?
"67 Av (M,R)",,Q,2592645,2641450,1021518.02,1161639,1487051,#NAME?,#NAME?,#NAME?,#NAME?
69 St (7),,Q,1510410,1564387,743487.998,993701,1280250,#NAME?,#NAME?,#NAME?,#NAME?
"74-Broadway (7)/Jackson Hts-Roosevelt Av (E,F,M,R)",,Q,16994358,17077862,7523538.001,9437073,11848368,#NAME?,#NAME?,#NAME?,#NAME?
"75 Av (E,F)",,Q,1019978,1059027,395084.11,463228,605747,#NAME?,#NAME?,#NAME?,#NAME?
"75 St-Elderts Ln (J,Z)",44,Q,992267,1029388,516794.968,616695,653029,#NAME?,#NAME?,#NAME?,#NAME?
80 St (A),,Q,1332047,1298825,552807.866,662344,854247,#NAME?,#NAME?,#NAME?,#NAME?
82 St-Jackson Hts (7),45,Q,4741470,4893865,2297895.993,3182336,3751240,#NAME?,#NAME?,#NAME?,#NAME?
85 St-Forest Pkwy (J),,Q,1063133,1061293,546684.991,632887,692867,#NAME?,#NAME?,#NAME?,#NAME?
88 St (A),,Q,855851,853110,384745.033,430498,531202,#NAME?,#NAME?,#NAME?,#NAME?
90 St-Elmhurst Av (7),,Q,5245160,5272683,2661934.002,3299515,3791913,#NAME?,#NAME?,#NAME?,#NAME?
Aqueduct Racetrack (A),,Q,732091,601436,168736.991,234571,200290,#NAME?,#NAME?,#NAME?,#NAME?
Aqueduct-North Conduit Av (A),,Q,276067,263422,107145.982,125407,142044,#NAME?,#NAME?,#NAME?,#NAME?
"Astoria Blvd (N,W)",46,Q,4226298,723354,1053976.035,1582181,2182362,#NAME?,#NAME?,#NAME?,#NAME?
"Astoria-Ditmars Blvd (N,W)",,Q,4543854,5277341,1996235.898,2280654,2999579,#NAME?,#NAME?,#NAME?,#NAME?
"Beach 105 St (A,S)",,Q,92852,88439,37749.953,41437,57637,#NAME?,#NAME?,#NAME?,#NAME?
Beach 25 St (A),,Q,543839,517164,258135.959,267817,314340,#NAME?,#NAME?,#NAME?,#NAME?
Beach 36 St (A),,Q,275165,292305,149257.022,155722,174537,#NAME?,#NAME?,#NAME?,#NAME?
Beach 44 St (A),,Q,216609,215701,109447.964,111217,127686,#NAME?,#NAME?,#NAME?,#NAME?
Beach 60 St (A),,Q,630038,623826,313415.955,312493,349205,#NAME?,#NAME?,#NAME?,#NAME?
Beach 67 St-Arverne By The Sea (A),,Q,669421,718008,366760.035,383966,436104,#NAME?,#NAME?,#NAME?,#NAME?
"Beach 90 St (A,S)",,Q,382766,348771,129188.011,148147,171603,#NAME?,#NAME?,#NAME?,#NAME?
"Beach 98 St (A,S)",,Q,154620,164130,63296.999,71935,93397,#NAME?,#NAME?,#NAME?,#NAME?
"Briarwood-Van Wyck Blvd (E,F)",,Q,1462744,1501152,627402.961,742983,968251,#NAME?,#NAME?,#NAME?,#NAME?
"Broad Channel (A,S)",,Q,82248,90358,35836.96,39981,49631,#NAME?,#NAME?,#NAME?,#NAME?
"Broadway (N,W)",47,Q,2436810,3038655,1463280.016,1809540,2365718,#NAME?,#NAME?,#NAME?,#NAME?
"Court Sq (E,G,M,7)",,Q,7218939,7033377,2368959.032,2830854,4426924,#NAME?,#NAME?,#NAME?,#NAME?
"Elmhurst Av (M,R)",,Q,3898046,3867341,1706574.992,2047952,2446607,#NAME?,#NAME?,#NAME?,#NAME?
Far Rockaway-Mott Av (A),,Q,1376087,1347765,709393.95,715676,775401,#NAME?,#NAME?,#NAME?,#NAME?
Flushing-Main St (7),,Q,17799862,17568837,6944922.941,9206396,11722581,#NAME?,#NAME?,#NAME?,#NAME?
Forest Av (M),,Q,927801,1310163,609686.934,689509,861278,#NAME?,#NAME?,#NAME?,#NAME?
"Forest Hills-71 Av (E,F,M,R)",,Q,8115385,8027234,3100666.98,3659612,4794614,#NAME?,#NAME?,#NAME?,#NAME?
Fresh Pond Rd (M),,Q,1400512,1776084,841585.002,937847,1132629,#NAME?,#NAME?,#NAME?,#NAME?
"Grand Av-Newtown (M,R)",,Q,5713827,5730846,2394478.984,2932966,3588300,#NAME?,#NAME?,#NAME?,#NAME?
Howard Beach-JFK Airport (A),,Q,1154695,1171303,325749.963,457932,766744,#NAME?,#NAME?,#NAME?,#NAME?
Hunters Point Av (7),,Q,1932478,1885928,705574.063,703246,1038309,#NAME?,#NAME?,#NAME?,#NAME?
"Jamaica Center-Parsons-Archer (E,J,Z)",,Q,10681269,10010419,4284645.949,4766773,5240027,#NAME?,#NAME?,#NAME?,#NAME?
Jamaica-179 St (F),,Q,6270766,6262449,2741359.049,3023613,3723038,#NAME?,#NAME?,#NAME?,#NAME?
Jamaica-Van Wyck (E),,Q,1502672,1412179,807092.969,777620,907248,#NAME?,#NAME?,#NAME?,#NAME?
Junction Blvd (7),,Q,6896657,6883317,3622647.048,4656086,5520086,#NAME?,#NAME?,#NAME?,#NAME?
"Kew Gardens-Union Turnpike (E,F)",,Q,7680149,7625674,3054242.01,3508016,4448452,#NAME?,#NAME?,#NAME?,#NAME?
Mets-Willets Point (7),,Q,1756825,2025162,311887.96,1034620,1430664,#NAME?,#NAME?,#NAME?,#NAME?
Middle Village-Metropolitan Av (M),,Q,954875,1090449,514007.016,612324,749356,#NAME?,#NAME?,#NAME?,#NAME?
"Northern Blvd (M,R)",,Q,2097374,2008091,902164.799,1067116,1268933,#NAME?,#NAME?,#NAME?,#NAME?
Ozone Park-Lefferts Blvd (A),,Q,2296755,2216647,1019114.994,1076417,1263152,#NAME?,#NAME?,#NAME?,#NAME?
Parsons Blvd (F),,Q,2003517,2086114,1089861.004,1133530,1377535,#NAME?,#NAME?,#NAME?,#NAME?
"Queens Plaza (E,M,R)",,Q,3886574,4334290,1422188.035,1691730,2662316,#NAME?,#NAME?,#NAME?,#NAME?
"Queensboro Plaza (N,W,7)",,Q,5079051,5018211,1790223.056,2225527,3116629,#NAME?,#NAME?,#NAME?,#NAME?
Rockaway Blvd (A),,Q,2336304,2299903,1040868.953,1196776,1459323,#NAME?,#NAME?,#NAME?,#NAME?
"Rockaway Park-Beach 116 St (A,S)",,Q,240483,228144,110132.99,109098,131421,#NAME?,#NAME?,#NAME?,#NAME?
Seneca Av (M),,Q,565714,1080829,474805.94,466641,531319,#NAME?,#NAME?,#NAME?,#NAME?
"Steinway St. (M,R)",,Q,5075623,4715335,1768131.003,2110765,2629433,#NAME?,#NAME?,#NAME?,#NAME?
Sutphin Blvd (F),,Q,1303795,1345420,702013.013,707596,836028,#NAME?,#NAME?,#NAME?,#NAME?
"Sutphin Blvd-Archer Av-JFK Airport (E,J,Z)",,Q,7282128,7354064,2951061.063,3799692,4770175,#NAME?,#NAME?,#NAME?,#NAME?
Vernon Blvd-Jackson Av (7),,Q,4493326,4623070,1768317.017,2189038,3113214,#NAME?,#NAME?,#NAME?,#NAME?
"Woodhaven Blvd (J,Z)",48,Q,1370889,1337787,681796.028,753419,838374,#NAME?,#NAME?,#NAME?,#NAME?
"Woodhaven Blvd (M,R)",,Q,6509386,6381132,2634482.911,3302348,3905277,#NAME?,#NAME?,8.49883375750299%,#NAME?
Woodside-61 St (7),,Q,5282486,5345369,2391082.993,3037602,3872081,#NAME?,350080,9.04113317877389%,#NAME?
,,,,,,,,,,,
Brooklyn,,,370231302,370545959,153292737.772,183587543,232489655,260211533,27721878,11.9239189373824%,
Bronx,,,139238932,138381037,65662310.981,72920734,81067948,82306692,1238744,1.52803176910312%,
Manhattan,,,936516980,952710327,319882175.578,381549651,546640695,#NAME?,#NAME?,16.7953494571055%,
Queens,,,234085767,236149679,100703800.979,121918793,153227167,#NAME?,#NAME?,11.6179502294133%,
Systemwide Adjustment,,,-12579,,,,,,0,,
System Total,,,1680060402,1697787002,639541025.31,759976721,1013425465,1151998158,138572693,13.6736936050842%,
,,,,,,,,,,,
"* MTA New York City Transit Temporary Station Closings, 2018-2023",,,,,,,,,,,
